loc_name,uline,sline,cohl_,rline,rline0,xline,xline0,bline,bline0,nlnph,systp
TypLne_1,110.0,1.109517,1,0.0692989,0.0,0.473455,0.0,4.604914,0.0,3,0
TypLne_2,220.0,1.112027,1,0.08,0.0,0.4,0.0,4.0,0.0,3,0
TypLne_3,380.0,1.0,1,0.023,0.2,0.25,1.0,3.141593,0.7,3,0